{
    "paper_id": "xml_output_grobid_python_client\\-em-Fertility-and-Sterility--em--top-videos-from-2",
    "header": {
        "generated_with": "S2ORC 1.0.0",
        "date_generated": "2024-03-25T16:28:28.250280Z"
    },
    "title": "Fertility and Sterility top videos from 2021",
    "authors": [
        {
            "first": "Joseph",
            "middle": [],
            "last": "Findley",
            "suffix": "",
            "affiliation": {
                "laboratory": "",
                "institution": "University Hospitals Cleveland Medical Center",
                "location": {
                    "settlement": "Cleveland",
                    "region": "Ohio"
                }
            },
            "email": ""
        },
        {
            "first": "Zaraq",
            "middle": [],
            "last": "Khan",
            "suffix": "",
            "affiliation": {
                "laboratory": "",
                "institution": "Mayo Clinic",
                "location": {
                    "settlement": "Rochester",
                    "region": "Minnesota"
                }
            },
            "email": ""
        },
        {
            "first": "John",
            "middle": [
                "Preston"
            ],
            "last": "Parry",
            "suffix": "",
            "affiliation": {},
            "email": ""
        },
        {
            "first": "Kira",
            "middle": [],
            "last": "Eickman",
            "suffix": "",
            "affiliation": {
                "laboratory": "",
                "institution": "Florida Atlantic University",
                "location": {
                    "settlement": "Boca Raton",
                    "region": "Florida"
                }
            },
            "email": ""
        },
        {
            "first": "Rebecca",
            "middle": [],
            "last": "Flyckt",
            "suffix": "",
            "affiliation": {
                "laboratory": "",
                "institution": "University Hospitals Cleveland Medical Center",
                "location": {
                    "settlement": "Cleveland",
                    "region": "Ohio"
                }
            },
            "email": ""
        },
        {
            "first": "John",
            "middle": [],
            "last": "Petrozza",
            "suffix": "",
            "affiliation": {
                "laboratory": "",
                "institution": "Harvard Medical School",
                "location": {
                    "settlement": "Boston",
                    "region": "Massachusetts"
                }
            },
            "email": ""
        },
        {
            "first": "Steven",
            "middle": [
                "R"
            ],
            "last": "Lindheim",
            "suffix": "",
            "affiliation": {
                "laboratory": "",
                "institution": "Harvard Medical School",
                "location": {
                    "settlement": "Boston",
                    "region": "Massachusetts"
                }
            },
            "email": ""
        }
    ],
    "year": "",
    "venue": null,
    "identifiers": {},
    "abstract": "Objective: To objectively grade all video publications in Fertility and Sterility during the year 2021 and compile a list of the top 10 surgical videos.",
    "pdf_parse": {
        "paper_id": "xml_output_grobid_python_client\\-em-Fertility-and-Sterility--em--top-videos-from-2",
        "_pdf_hash": "",
        "doi": "10.1016/j.fertnstert.2023.02.042",
        "keywords": [
            "Reproductive surgery",
            "top 10",
            "video publications",
            "Fertility and Sterility"
        ],
        "abstract": [
            {
                "text": "Objective: To objectively grade all video publications in Fertility and Sterility during the year 2021 and compile a list of the top 10 surgical videos.",
                "cite_spans": [],
                "ref_spans": [],
                "eq_spans": [],
                "section": "Abstract",
                "sec_num": null
            }
        ],
        "body_text": [
            {
                "text": "Fertility and Sterility\u00ae",
                "cite_spans": [],
                "ref_spans": [],
                "eq_spans": [],
                "section": "",
                "sec_num": null
            }
        ],
        "back_matter": [
            {
                "text": "Los 10 mejores v\u00eddeos del 2021 en Fertility and Sterility Objetivo: calificar objetivamente todas las publicaciones de videos en Fertility and Sterility durante el a\u00f1o 2021 y compilar una lista de los 10 mejores v\u00eddeos quir urgicos.Dise\u00f1o: Una presentaci on descriptiva de las 10 publicaciones con video con mayor puntuaci on de Fertility and Sterility en el a\u00f1o 2021.Marco: No aplicable.",
                "cite_spans": [],
                "ref_spans": [],
                "eq_spans": [],
                "section": "VIDEO",
                "sec_num": null
            },
            {
                "text": "Intervenciones: J.F., Z.K., J.P.P. y S.R.L. actuaron como revisores independientes de todas las publicaciones con video.Se ha utilizado un m etodo de calificaci on estandarizado para calificar todos los videos.Principales medidas de resultado: Se otorgaron hasta 5 puntos por cada una de las siguientes categor\u00edas: m erito cient\u00edfico o relevancia cl\u00ednica del tema; claridad del video; uso de una t ecnica quir urgica innovadora; y edici on de video o el uso de herramientas de marcado en el video para resaltar caracter\u00edsticas importantes o puntos de referencia quir urgicos.Esto permiti o una puntuaci on m axima de 20 para cada video.La cantidad de vistas y me gusta de YouTube se us o como desempate si los videos R2 obtuvieron una puntuaci on similar.Se calcul o el coeficiente interclase de un modelo de efectos aleatorios de 2 v\u00edas para evaluar el acuerdo entre los 4 revisores independientes.Resultado(s): Se publicaron un total de 36 videos en Fertility and Sterility durante el a\u00f1o 2021.Despu es de promediar las puntuaciones de los 4 revisores, se cre o una lista de los 10 mejores.El coeficiente de correlaci on interclase general para las 4 revisiones fue de 0,89 (intervalo de confianza del 95 %, 0,89-0,94).Conclusi on(es): Se observ o un acuerdo general sustancial entre los 4 revisores.Un total de 10 videos reinaron sobradamente de una lista de publicaciones muy competitivas que ya hab\u00edan pasado por el proceso de revisi on por pares.El tema de estos videos abarc o desde procedimientos quir urgicos complejos, incluido el trasplante uterino, hasta procedimientos comunes, como la ecograf\u00eda ginecol ogica.",
                "cite_spans": [],
                "ref_spans": [],
                "eq_spans": [],
                "section": "No aplicable.",
                "sec_num": null
            }
        ],
        "bib_entries": {},
        "ref_entries": {
            "TABREF0": {
                "html": null,
                "num": null,
                "text": "Top 10 video publications average scores.",
                "content": "<table><tr><td/><td/><td/><td>Average clarity</td><td>Average</td><td/><td/><td/></tr><tr><td/><td/><td>Average</td><td>of video</td><td>innovative</td><td>Average editing and</td><td/><td/></tr><tr><td/><td/><td>scientific</td><td>presentation</td><td>surgical approach</td><td>use of marking</td><td>Average</td><td>YouTube</td></tr><tr><td/><td>Video title</td><td>merit score</td><td>score</td><td>score</td><td>tools score</td><td>total score</td><td>views/likes</td></tr><tr><td>1</td><td>Three degrees of separation:</td><td>4.5</td><td>4.25</td><td>4.75</td><td>4.5</td><td>18.0</td><td>2.8K/17</td></tr><tr><td/><td>complete uterine and cervical</td><td/><td/><td/><td/><td/><td/></tr><tr><td/><td>septa</td><td/><td/><td/><td/><td/><td/></tr><tr><td>2</td><td>Transvaginal ultrasound features of</td><td>4.25</td><td>4.38</td><td>4.75</td><td>4.5</td><td>17.88</td><td>70K/192</td></tr><tr><td/><td>normal uterosacral ligaments</td><td/><td/><td/><td/><td/><td/></tr><tr><td>3</td><td>Laparoscopic excision of pericardial</td><td>4.75</td><td>4.5</td><td>4.75</td><td>3.88</td><td>17.88</td><td>1.3K/19</td></tr><tr><td/><td>and diaphragmatic</td><td/><td/><td/><td/><td/><td/></tr><tr><td/><td>endometriosis</td><td/><td/><td/><td/><td/><td/></tr><tr><td>4</td><td>A posterior uteroperitoneal fistula:</td><td>4.25</td><td>3.88</td><td>4.63</td><td>4.75</td><td>17.51</td><td>1K/9</td></tr><tr><td/><td>an unexpected finding</td><td/><td/><td/><td/><td/><td/></tr><tr><td>5</td><td>Surgical repair of a cesarean scar</td><td>4.38</td><td>4.38</td><td>4.38</td><td>4.13</td><td>17.27</td><td>1.7K/25</td></tr><tr><td/><td>defect using a vaginal approach</td><td/><td/><td/><td/><td/><td/></tr><tr><td>6</td><td>Hysteroscopy-assisted laparoscopic</td><td>4.13</td><td>4.25</td><td>4.25</td><td>4.5</td><td>17.13</td><td>878/12</td></tr><tr><td/><td>salpingectomy for interstitial</td><td/><td/><td/><td/><td/><td/></tr><tr><td/><td>pregnancy without cornual</td><td/><td/><td/><td/><td/><td/></tr><tr><td/><td>resection</td><td/><td/><td/><td/><td/><td/></tr><tr><td>7</td><td>The step-by-step hysteroscopic</td><td>4.13</td><td>4.0</td><td>4.25</td><td>4.5</td><td>16.88</td><td>3.2K/40</td></tr><tr><td/><td>treatment of patients with</td><td/><td/><td/><td/><td/><td/></tr><tr><td/><td>vaginal and complete uterine</td><td/><td/><td/><td/><td/><td/></tr><tr><td/><td>septum with double cervix</td><td/><td/><td/><td/><td/><td/></tr><tr><td/><td>(U2bC2V1)</td><td/><td/><td/><td/><td/><td/></tr><tr><td>8</td><td>Techniques for successful vaginal</td><td>4.25</td><td>4.0</td><td>4.13</td><td>4.0</td><td>16.38</td><td>7K/39</td></tr><tr><td/><td>anastomosis in the uterine</td><td/><td/><td/><td/><td/><td/></tr><tr><td/><td>transplantation patient</td><td/><td/><td/><td/><td/><td/></tr><tr><td>9</td><td>Modified Vecchietti vaginoplasty</td><td>3.88</td><td>4.13</td><td>4.0</td><td>3.88</td><td>15.89</td><td>5.7K/51</td></tr><tr><td/><td>using self-made single-port</td><td/><td/><td/><td/><td/><td/></tr><tr><td/><td>laparoscopy in Mayer-</td><td/><td/><td/><td/><td/><td/></tr><tr><td/><td>Rokitansky-K\u20ac uster-Hauser</td><td/><td/><td/><td/><td/><td/></tr><tr><td/><td>syndrome</td><td/><td/><td/><td/><td/><td/></tr><tr><td colspan=\"2\">10 Excision of deep endometriosis</td><td>3.75</td><td>3.63</td><td>3.88</td><td>4.25</td><td>12.2</td><td>1.9K/28</td></tr><tr><td/><td>nodules of the parametrium and</td><td/><td/><td/><td/><td/><td/></tr><tr><td/><td>sacral roots in 10 steps</td><td/><td/><td/><td/><td/><td/></tr></table>",
                "type_str": "table"
            }
        }
    }
}