{
    "paper_id": "xml_output_cochrane\\Brito_et_al-2019-Cochrane_Database_of_Systematic_Reviews",
    "header": {
        "generated_with": "S2ORC 1.0.0",
        "date_generated": "2024-04-05T17:20:08.343130Z"
    },
    "title": "Interventions for uterine fibroids: an overview of Cochrane Reviews",
    "authors": [
        {
            "first": "Luiz",
            "middle": [
                "Gustavo"
            ],
            "last": "Brito",
            "suffix": "",
            "affiliation": {
                "laboratory": "",
                "institution": "State University of Campinas (UNICAMP)",
                "location": {
                    "settlement": "Campinas",
                    "country": "Brazil"
                }
            },
            "email": "lbrito@fcm.unicamp.br"
        },
        {
            "first": "Elizabeth",
            "middle": [
                "A"
            ],
            "last": "Stewart",
            "suffix": "",
            "affiliation": {
                "laboratory": "",
                "institution": "Mayo Clinic",
                "location": {
                    "settlement": "Rochester",
                    "country": "USA"
                }
            },
            "email": ""
        },
        {
            "first": "Sarah",
            "middle": [
                "O"
            ],
            "last": "Olivi Chaim",
            "suffix": "",
            "affiliation": {},
            "email": ""
        },
        {
            "first": "Wellington",
            "middle": [
                "P"
            ],
            "last": "Martins",
            "suffix": "",
            "affiliation": {},
            "email": ""
        },
        {
            "first": "Cindy",
            "middle": [],
            "last": "Farquhar",
            "suffix": "",
            "affiliation": {
                "laboratory": "",
                "institution": "University of Auckland",
                "location": {
                    "settlement": "Auckland",
                    "region": "New Zealand"
                }
            },
            "email": ""
        }
    ],
    "year": "",
    "venue": null,
    "identifiers": {},
    "abstract": "This is a protocol for a Cochrane Review (Overview).The objectives are as follows:\nThe objective is to summarize evidence from Cochrane Reviews on the e ectiveness and safety of treatment options available to premenopausal women with uterine fibroid-associated symptoms.",
    "pdf_parse": {
        "paper_id": "xml_output_cochrane\\Brito_et_al-2019-Cochrane_Database_of_Systematic_Reviews",
        "_pdf_hash": "",
        "doi": "10.1002/14651858.cd013426",
        "keywords": [],
        "abstract": [
            {
                "text": "This is a protocol for a Cochrane Review (Overview).The objectives are as follows:",
                "cite_spans": [],
                "ref_spans": [],
                "eq_spans": [],
                "section": "Abstract",
                "sec_num": null
            },
            {
                "text": "The objective is to summarize evidence from Cochrane Reviews on the e ectiveness and safety of treatment options available to premenopausal women with uterine fibroid-associated symptoms.",
                "cite_spans": [],
                "ref_spans": [],
                "eq_spans": [],
                "section": "Abstract",
                "sec_num": null
            }
        ],
        "body_text": [
            {
                "text": "Trusted evidence.Informed decisions.Better health.",
                "cite_spans": [],
                "ref_spans": [],
                "eq_spans": [],
                "section": "Library",
                "sec_num": null
            },
            {
                "text": "Uterine fibroids (also known as leiomyomas and myomas; UFs) are benign lesions or neoplasms of the uterus that are composed of smooth muscle cells and fibroblasts and are rich in extracellular matrix.They may cause heavy or prolonged menstrual bleeding that can lead to chronic anaemia.Uterine fibroids can also enlarge the uterus and this enlargement can lead to 'bulk symptoms' -for example, urinary symptoms (such as increased urinary frequency, nocturia, urgency incontinence or urinary retention) or gastrointestinal symptoms (such as diarrhoea or constipation)in addition to abdominal distention or acyclic pelvic pain.These symptoms may considerably impair women's quality of life (Moroni 2014) .Whilst ultrasonography studies show prevalence rates of uterine fibroids to exceed 70%, clinical fibroid symptoms are felt in 25% to 50% of all women; these data represent a self-report diagnosis of 12.8 per 1000 person-years to 2 per 1000 person-years for hysterectomy-confirmed cases in the USA (Whiteman 2010) .The most recurrent risk factor reported to increase the fibroid risk is black race, followed by increasing age (until the perimenopausal transition), premenopausal state, hypertension, family history and others (Stewart 2017) .Fibroids may also a ect a woman's fertility; it is known that uterine fibroids may cause cavity distortion and alteration of endometrial receptivity (Whynott 2017) , and this may or may not cause symptoms.",
                "cite_spans": [
                    {
                        "start": 688,
                        "end": 701,
                        "text": "(Moroni 2014)",
                        "ref_id": null
                    },
                    {
                        "start": 1000,
                        "end": 1015,
                        "text": "(Whiteman 2010)",
                        "ref_id": null
                    },
                    {
                        "start": 1228,
                        "end": 1242,
                        "text": "(Stewart 2017)",
                        "ref_id": null
                    },
                    {
                        "start": 1393,
                        "end": 1407,
                        "text": "(Whynott 2017)",
                        "ref_id": null
                    }
                ],
                "ref_spans": [],
                "eq_spans": [],
                "section": "B A C K G R O U N D Description of the condition",
                "sec_num": null
            },
            {
                "text": "Pelvic ultrasonography remains the primary imaging modality for the diagnosis of uterine fibroids, owing to the benefits of wide availability and low cost associated with this test, in addition to the reliable identification of calcified fibroids and the detection of larger, clinically relevant fibroids.Sensitivity and specificity for ultrasonography are 90% and 87%, respectively, and are improved with the addition of sonohysterography (instilling saline into the uterine cavity through the cervix) (up to 100% and 98%, respectively).Magnetic resonance imaging presents the highest sensitivity and specificity indexes for UF diagnosis (Stewart 2016) .",
                "cite_spans": [
                    {
                        "start": 639,
                        "end": 653,
                        "text": "(Stewart 2016)",
                        "ref_id": null
                    }
                ],
                "ref_spans": [],
                "eq_spans": [],
                "section": "B A C K G R O U N D Description of the condition",
                "sec_num": null
            },
            {
                "text": "Uterine fibroids seem to develop and regulate gene expression in response to menstrual cyclicity and the action of gonadal steroids (mainly oestrogen and progesterone); they induce symptomatology between first occurrence of menstruation (menarche) and menopause.The fibroid pathogenesis comprises multiple stages, starting with the recruitment of a smooth muscle stem cell from the myometrium that lacks receptors for the gonadal steroids (Bulun 2013).Under the influence of specific driver mutations, in addition to oestrogen, progesterone, and the activation of a protein named beta-catenin within a signalling pathway named wingless-type (WNT), the stem cell di erentiates into a preclinical fibroid.Subsequently, four key cell types that comprise fibroids (smooth muscle cells, vascular smooth muscle cells, fibroblasts and fibroid-associated fibroblasts) (Holdsworth-Carson 2014) and the extracellular matrix synergize with environmental and molecular stimuli to undergo growth acceleration and progression into clinical disease (Stewart 2016) .",
                "cite_spans": [
                    {
                        "start": 1034,
                        "end": 1048,
                        "text": "(Stewart 2016)",
                        "ref_id": null
                    }
                ],
                "ref_spans": [],
                "eq_spans": [],
                "section": "B A C K G R O U N D Description of the condition",
                "sec_num": null
            },
            {
                "text": "There are a number of potential uterine-sparing interventions for uterine fibroids.Choice of a particular intervention will be dependent upon the chief complaint, i.e.: heavy menstrual bleeding, pelvic pain, bulk symptoms, infertility or a combination of symptoms.The following interventions have been studied with regard to their e ect on treating uterine fibroids (in alphabetical order).",
                "cite_spans": [],
                "ref_spans": [],
                "eq_spans": [],
                "section": "Description of the interventions",
                "sec_num": null
            },
            {
                "text": "Surgical interventions and most of the medical treatments aim both to control heavy menstrual bleeding and to improve bulk symptoms.The mechanisms of the control of heavy menstrual bleeding are not well understood but may include physical normalization of the endometrial cavity, or may be related to control of angiogenic factors (Stewart 1996) .Likewise, bulk symptoms have historically been thought to require volume reduction, and minimally invasive techniques such as uterine artery embolization have brought improvements to quality of life (Keung 2018) .More invasive procedures may present more adverse e ects.Recently, a selective progesterone receptor modulator (ulipristal acetate) has been extensively studied with regard to relieving moderate to severe symptoms in women with uterine fibroids (Garnock-Jones 2017), however the endometrial safety for extended treatment needs further investigation (De Milliano 2017) .",
                "cite_spans": [
                    {
                        "start": 331,
                        "end": 345,
                        "text": "(Stewart 1996)",
                        "ref_id": null
                    },
                    {
                        "start": 546,
                        "end": 558,
                        "text": "(Keung 2018)",
                        "ref_id": null
                    },
                    {
                        "start": 909,
                        "end": 927,
                        "text": "(De Milliano 2017)",
                        "ref_id": null
                    }
                ],
                "ref_spans": [],
                "eq_spans": [],
                "section": "How the intervention might work",
                "sec_num": null
            },
            {
                "text": "There are now many systematic reviews of interventions available on the medical and surgical treatment of uterine fibroids for improving heavy menstrual bleeding, pelvic pain, bulk symptoms or infertility (or a combination of these).In the Cochrane Database of Systematic Reviews, there are 13 systematic reviews available on these topics.It is important to bring these documents together into one coherent review that can be used by clinicians, policy makers and women with fibroids when making decisions about optimal treatment based on the available evidence about uterine fibroids.",
                "cite_spans": [],
                "ref_spans": [],
                "eq_spans": [],
                "section": "Why it is important to do this overview",
                "sec_num": null
            },
            {
                "text": "The objective is to summarize evidence from Cochrane Reviews on the e ectiveness and safety of treatment options available to premenopausal women with uterine fibroid-associated symptoms.",
                "cite_spans": [],
                "ref_spans": [],
                "eq_spans": [],
                "section": "O B J E C T I V E S",
                "sec_num": null
            },
            {
                "text": "Trusted evidence.Informed decisions.Better health.",
                "cite_spans": [],
                "ref_spans": [],
                "eq_spans": [],
                "section": "Library",
                "sec_num": null
            },
            {
                "text": "Only Cochrane Reviews, protocols and titles will be considered for inclusion in this overview.At the time of writing, systematic reviews on the following topics have been published with regard to uterine fibroids (in alphabetical order).We will list in an additional table any titles or protocols that we identify during our searches, and will incorporate data from these in future versions of the overview.",
                "cite_spans": [],
                "ref_spans": [],
                "eq_spans": [],
                "section": "M E T H O D S Criteria for considering reviews for inclusion",
                "sec_num": null
            },
            {
                "text": "We will include premenopausal, symptomatic women with a clinical or imaging diagnosis (or both) of uterine fibroids, who have sought medical attention for heavy menstrual bleeding, pelvic pain or bulk symptoms (or a combination of these) or for infertility (regardless of symptoms).",
                "cite_spans": [],
                "ref_spans": [],
                "eq_spans": [],
                "section": "Participants",
                "sec_num": null
            },
            {
                "text": "Medical, complementary therapies or surgical interventions will be considered.Medical treatment can be used as a single intervention or administered before or a er surgery, or both.Eligible comparators include placebo or another treatment.",
                "cite_spans": [],
                "ref_spans": [],
                "eq_spans": [],
                "section": "Interventions for heavy menstrual bleeding",
                "sec_num": null
            },
            {
                "text": "Whilst pelvic pain/bulk symptoms secondary to uterine fibroids might not have been as extensively investigated as those for heavy menstrual bleeding, it is expected that some participants would have presented with both symptoms and it is important to seek the interventions for this specific outcome.Medical/complementary therapies or surgical interventions will be considered in all reviews.",
                "cite_spans": [],
                "ref_spans": [],
                "eq_spans": [],
                "section": "Interventions for pelvic pain/bulk symptoms",
                "sec_num": null
            },
            {
                "text": "Medical or surgical interventions will be included for this variable.",
                "cite_spans": [],
                "ref_spans": [],
                "eq_spans": [],
                "section": "Interventions for infertility",
                "sec_num": null
            },
            {
                "text": "Primary outcome measure: improvement, measured by self-report (qualitative measures such as symptom-free, better, the same or worse) or by use of a health-related quality-of-life instrument.One of the quality-of-life measurements mostly used for uterine fibroids is the use of standardized, validated, specific questionnaires such as the UFS-QOL tool (Spies 2002) for measuring improvement of patients a er being treated.Other generic questionnaires (e.g. SF-36 -McHorney 1993) could also be used.Measurement by haemoglobin, haematocrit and ferritin levels, reduction in PBAC (pictorial blood assessment chart) scores and reduction in the number of bleeding episodes (by number of pads/day) will also be investigated.",
                "cite_spans": [
                    {
                        "start": 351,
                        "end": 363,
                        "text": "(Spies 2002)",
                        "ref_id": null
                    },
                    {
                        "start": 456,
                        "end": 477,
                        "text": "SF-36 -McHorney 1993)",
                        "ref_id": null
                    }
                ],
                "ref_spans": [],
                "eq_spans": [],
                "section": "Heavy menstrual bleeding",
                "sec_num": null
            },
            {
                "text": "Primary outcome measure: improvement, measured by self-report (yes/no, Likert scales or numeric scales) or by use of a healthrelated quality-of-life instrument or by a quantitative instrument, such as a visual analogue scale (VAS), or improvement with a specific questionnaire such as UFSQOL.",
                "cite_spans": [],
                "ref_spans": [],
                "eq_spans": [],
                "section": "Pelvic pain",
                "sec_num": null
            },
            {
                "text": "Primary outcome measures: bloating, pelvic pressure/discomfort, constipation, frequent urination, pain during intercourse measured by qualitative measures (yes/no, or Likert scales).",
                "cite_spans": [],
                "ref_spans": [],
                "eq_spans": [],
                "section": "Bulk symptoms",
                "sec_num": null
            },
            {
                "text": "Reduction in fibroid volume or uterine volume, measured by pelvic ultrasound, computed tomography (CT) or magnetic resonance imaging; presence of adverse e ects secondary to treatment (vasomotor symptoms, bone density, laboratorial changes, acne, weight gain, bloating, breast tenderness, headache, nausea); recurrence rate.",
                "cite_spans": [],
                "ref_spans": [],
                "eq_spans": [],
                "section": "Secondary outcomes related to any or all symptoms cited above",
                "sec_num": null
            },
            {
                "text": "Primary outcome measures: live birth (number of live births per woman); clinical pregnancies (pregnancy diagnosed by ultrasound visualization of one or more gestational sacs or definitive clinical signs of pregnancy); ongoing pregnancies (pregnancy progressing beyond 12 weeks of gestation).",
                "cite_spans": [],
                "ref_spans": [],
                "eq_spans": [],
                "section": "Outcomes for infertility",
                "sec_num": null
            },
            {
                "text": "Secondary outcome: miscarriage (spontaneous loss of a clinical pregnancy before 20 weeks of gestation or less than 400 g of fetal weight).",
                "cite_spans": [],
                "ref_spans": [],
                "eq_spans": [],
                "section": "Outcomes for infertility",
                "sec_num": null
            },
            {
                "text": "The Cochrane Database of Systematic Reviews will be searched using the keyword \"uterine fibroids\" (leiomyoma is not a term that is used in this database).The term will be restricted to title, abstract or keywords.No other databases will be searched.",
                "cite_spans": [],
                "ref_spans": [],
                "eq_spans": [],
                "section": "Search methods for identification of reviews",
                "sec_num": null
            },
            {
                "text": "Cochrane Reviews addressing treatment of heavy menstrual bleeding, bulk symptoms or for infertility associated with uterine fibroids will be identified by one overview author (SOC) and checked by a second overview author (LGOB).Any disagreement will be resolved by consensus or discussion with a third party (WPM).",
                "cite_spans": [],
                "ref_spans": [],
                "eq_spans": [],
                "section": "Selection of reviews",
                "sec_num": null
            },
            {
                "text": "Data will be extracted independently by two overview authors (LGOB, SOC) using an Excel spreadsheet.We will follow the",
                "cite_spans": [],
                "ref_spans": [],
                "eq_spans": [],
                "section": "Data extraction and management",
                "sec_num": null
            },
            {
                "text": "LGOB: none known ES: Dr Stewart reports the following: has received consulting fees from Bayer, AbbVie, Allergan and Myovant and serves on a steering committee for a fibroid trial for Myovant.She also received payment for developing an educational presentation from Med Learning Group, receives royalties from UpToDate, and has a patent ( 6440445",
                "cite_spans": [],
                "ref_spans": [],
                "eq_spans": [],
                "section": "D E C L A R A T I O N S O F I N T E R E S T",
                "sec_num": null
            }
        ],
        "back_matter": [
            {
                "text": "Trusted evidence.Informed decisions.Better health.Cochrane Database of Systematic Reviews methodology for extracting information for overviews of reviews provided by Cochrane (Becker 2011 ).Disagreements will be resolved by discussion (CF, ES or WPM).Overview authors who have been involved as authors or co-authors of Cochrane Reviews included in this overview will not be involved in the selection process and a member outside this group will review the data.Where data are missing, we will contact the original systematic review authors for assistance.For Cochrane Reviews in which the search is more than two years old, we will contact the authors to ascertain if they are able to update their reviews.If the authors are unable to do this, we will update the relevant Cochrane Reviews, if feasible.We will extract information on the following factors.1. Population demographics: a summary of the participant characteristics 2. Review characteristics: the number of included trials, the number of participants in each review, the date that the systematic review was assessed as up to date, interventions and comparisons, all outcomes, and limitations of the systematic review 3. Statistical summary: the summary e ects from relevant comparisons and outcomes",
                "cite_spans": [
                    {
                        "start": 175,
                        "end": 187,
                        "text": "(Becker 2011",
                        "ref_id": null
                    }
                ],
                "ref_spans": [],
                "eq_spans": [],
                "section": "Library",
                "sec_num": null
            },
            {
                "text": "We will rate the quality of the included Cochrane Reviews using the AMSTAR tool (Shea 2007 ).We will provide a table to describe whether the authors of each review did the following.Cochrane Reviews that are not recently published will be assessed regarding their last search date as a measure of quality assessment.",
                "cite_spans": [
                    {
                        "start": 80,
                        "end": 90,
                        "text": "(Shea 2007",
                        "ref_id": null
                    }
                ],
                "ref_spans": [],
                "eq_spans": [],
                "section": "Quality of included reviews",
                "sec_num": null
            },
            {
                "text": "We will describe the quality of the evidence for the primary outcomes using GRADE criteria, and will produce GRADEpro GDT 'Summary of findings' tables for each review to indicate the quality of these included studies (if the systematic reviews have not produced them).These tables will include the following variables, which could influence the quality of the evidence: study limitations (risk of bias), inconsistency of results, imprecision, indirectness of evidence and publication bias (Balshem 2011) .",
                "cite_spans": [
                    {
                        "start": 489,
                        "end": 503,
                        "text": "(Balshem 2011)",
                        "ref_id": null
                    }
                ],
                "ref_spans": [],
                "eq_spans": [],
                "section": "Quality of evidence from primary studies in included reviews",
                "sec_num": null
            },
            {
                "text": "We will provide a narrative description of the findings of the included Cochrane Reviews.Tables will be produced to detail the included studies and their outcomes.",
                "cite_spans": [],
                "ref_spans": [],
                "eq_spans": [],
                "section": "Data synthesis",
                "sec_num": null
            },
            {
                "text": "The authors wish to acknowledge the support of the Cochrane Gynaecology and Fertility Group for their suggestions in the preregistration phase and peer-reviewing process before publication of this protocol.They also thank Jane Marjoribanks, Ying Cheong and Roger Hart for supplying referee comments on the dra .",
                "cite_spans": [],
                "ref_spans": [],
                "eq_spans": [],
                "section": "A C K N O W L E D G E M E N T S",
                "sec_num": null
            }
        ],
        "bib_entries": {
            "BIBREF1": {
                "ref_id": "b1",
                "title": "GRADE guidelines: 3. Rating the quality of evidence",
                "authors": [
                    {
                        "first": "H",
                        "middle": [],
                        "last": "Balshem",
                        "suffix": ""
                    },
                    {
                        "first": "M",
                        "middle": [],
                        "last": "Helfand",
                        "suffix": ""
                    },
                    {
                        "first": "H",
                        "middle": [
                            "J"
                        ],
                        "last": "Schunemmann",
                        "suffix": ""
                    },
                    {
                        "first": "A",
                        "middle": [
                            "D"
                        ],
                        "last": "Oxman",
                        "suffix": ""
                    },
                    {
                        "first": "R",
                        "middle": [],
                        "last": "Kunz",
                        "suffix": ""
                    },
                    {
                        "first": "J",
                        "middle": [],
                        "last": "Brozek",
                        "suffix": ""
                    }
                ],
                "year": 2011,
                "venue": "Journal of Clinical Epidemiology",
                "volume": "64",
                "issue": "4",
                "pages": "401--406",
                "other_ids": {},
                "num": null,
                "urls": [],
                "raw_text": "",
                "links": null
            },
            "BIBREF3": {
                "ref_id": "b3",
                "title": "Chapter 22: Overviews of reviews",
                "authors": [
                    {
                        "first": "L",
                        "middle": [
                            "A"
                        ],
                        "last": "Becker",
                        "suffix": ""
                    },
                    {
                        "first": "A",
                        "middle": [
                            "D"
                        ],
                        "last": "Oxman",
                        "suffix": ""
                    }
                ],
                "year": 2011,
                "venue": "Cochrane Handbook for Systematic Reviews of Interventions version 5.1.0",
                "volume": "",
                "issue": "",
                "pages": "",
                "other_ids": {},
                "num": null,
                "urls": [],
                "raw_text": "",
                "links": null
            },
            "BIBREF4": {
                "ref_id": "b4",
                "title": "Uterine fibroids",
                "authors": [
                    {
                        "first": "S",
                        "middle": [
                            "E"
                        ],
                        "last": "Bulun ; Bulun",
                        "suffix": ""
                    }
                ],
                "year": 2013,
                "venue": "New England Journal of Medicine",
                "volume": "369",
                "issue": "14",
                "pages": "1344--1355",
                "other_ids": {},
                "num": null,
                "urls": [],
                "raw_text": "",
                "links": null
            },
            "BIBREF6": {
                "ref_id": "b6",
                "title": "Endometrial changes during ulipristal acetate use: a systematic review",
                "authors": [
                    {
                        "first": "I",
                        "middle": [],
                        "last": "De Milliano",
                        "suffix": ""
                    },
                    {
                        "first": "Van",
                        "middle": [],
                        "last": "Hattum",
                        "suffix": ""
                    },
                    {
                        "first": "D",
                        "middle": [],
                        "last": "Ket",
                        "suffix": ""
                    },
                    {
                        "first": "Jcf",
                        "middle": [],
                        "last": "Huirne",
                        "suffix": ""
                    },
                    {
                        "first": "Jaf",
                        "middle": [],
                        "last": "Hehenkamp",
                        "suffix": ""
                    },
                    {
                        "first": "Wjk",
                        "middle": [],
                        "last": "",
                        "suffix": ""
                    }
                ],
                "year": 2017,
                "venue": "European Journal of Obstetrics Gynecology and Reproductive Biology",
                "volume": "214",
                "issue": "",
                "pages": "56--64",
                "other_ids": {},
                "num": null,
                "urls": [],
                "raw_text": "",
                "links": null
            },
            "BIBREF7": {
                "ref_id": "b7",
                "title": "Ulipristal acetate: a review in symptomatic uterine fibroids",
                "authors": [
                    {
                        "first": "Garnock-Jones 2017",
                        "middle": [],
                        "last": "Garnock-Jines",
                        "suffix": ""
                    },
                    {
                        "first": "K",
                        "middle": [
                            "P"
                        ],
                        "last": "Duggan",
                        "suffix": ""
                    },
                    {
                        "first": "S",
                        "middle": [
                            "T"
                        ],
                        "last": "",
                        "suffix": ""
                    }
                ],
                "year": 2017,
                "venue": "Drugs",
                "volume": "15",
                "issue": "",
                "pages": "1665--1675",
                "other_ids": {},
                "num": null,
                "urls": [],
                "raw_text": "",
                "links": null
            },
            "BIBREF9": {
                "ref_id": "b9",
                "title": "Common fibroid-associated genes are di erentially expressed in phenotypically dissimilar cell populations isolated from within human fibroids and myometrium",
                "authors": [
                    {
                        "first": "S",
                        "middle": [
                            "J"
                        ],
                        "last": "Holdsworth-Carson",
                        "suffix": ""
                    },
                    {
                        "first": "M",
                        "middle": [],
                        "last": "Zaitseva",
                        "suffix": ""
                    },
                    {
                        "first": "J",
                        "middle": [
                            "E"
                        ],
                        "last": "Girling",
                        "suffix": ""
                    },
                    {
                        "first": "B",
                        "middle": [
                            "J"
                        ],
                        "last": "Vollenhoven",
                        "suffix": ""
                    },
                    {
                        "first": "P",
                        "middle": [
                            "A"
                        ],
                        "last": "Rogers",
                        "suffix": ""
                    }
                ],
                "year": 2014,
                "venue": "Reproduction",
                "volume": "147",
                "issue": "",
                "pages": "683--692",
                "other_ids": {},
                "num": null,
                "urls": [],
                "raw_text": "",
                "links": null
            },
            "BIBREF11": {
                "ref_id": "b11",
                "title": "Uterine artery embolization: a review of current concepts",
                "authors": [
                    {
                        "first": "J",
                        "middle": [
                            "J"
                        ],
                        "last": "Keung",
                        "suffix": ""
                    },
                    {
                        "first": "J",
                        "middle": [
                            "B"
                        ],
                        "last": "Spies",
                        "suffix": ""
                    },
                    {
                        "first": "T",
                        "middle": [
                            "M"
                        ],
                        "last": "Caridi",
                        "suffix": ""
                    }
                ],
                "year": 2018,
                "venue": "Best Practice Research Clinical Obstetrics Gynaecology",
                "volume": "46",
                "issue": "",
                "pages": "66--73",
                "other_ids": {},
                "num": null,
                "urls": [],
                "raw_text": "",
                "links": null
            },
            "BIBREF13": {
                "ref_id": "b13",
                "title": "The MOS 36-Item Short-Form Health Survey (SF-36):II. Psychometric and clinical tests of validity in measuring physical and mental health constructs",
                "authors": [
                    {
                        "first": "C",
                        "middle": [
                            "A"
                        ],
                        "last": "Mchorney",
                        "suffix": ""
                    },
                    {
                        "first": "J",
                        "middle": [
                            "E"
                        ],
                        "last": "Ware",
                        "suffix": ""
                    },
                    {
                        "first": "",
                        "middle": [],
                        "last": "Jr",
                        "suffix": ""
                    },
                    {
                        "first": "A",
                        "middle": [
                            "E"
                        ],
                        "last": "Raczek",
                        "suffix": ""
                    }
                ],
                "year": 1993,
                "venue": "Medical Care",
                "volume": "31",
                "issue": "3",
                "pages": "247--263",
                "other_ids": {},
                "num": null,
                "urls": [],
                "raw_text": "",
                "links": null
            },
            "BIBREF15": {
                "ref_id": "b15",
                "title": "Pharmacological treatment of uterine fibroids",
                "authors": [
                    {
                        "first": "R",
                        "middle": [
                            "M"
                        ],
                        "last": "Moroni",
                        "suffix": ""
                    },
                    {
                        "first": "C",
                        "middle": [
                            "S"
                        ],
                        "last": "Vieira",
                        "suffix": ""
                    },
                    {
                        "first": "R",
                        "middle": [
                            "A"
                        ],
                        "last": "Ferriani",
                        "suffix": ""
                    },
                    {
                        "first": "F",
                        "middle": [
                            "J"
                        ],
                        "last": "Candido-Dos-Reis",
                        "suffix": ""
                    },
                    {
                        "first": "Lgo",
                        "middle": [],
                        "last": "Brito",
                        "suffix": ""
                    }
                ],
                "year": 2014,
                "venue": "Annals of Medical and Health Sciences Research",
                "volume": "4",
                "issue": "",
                "pages": "185--192",
                "other_ids": {},
                "num": null,
                "urls": [],
                "raw_text": "",
                "links": null
            },
            "BIBREF17": {
                "ref_id": "b17",
                "title": "Development of AMSTAR: a measurement tool to assess the methodological quality of systematic reviews",
                "authors": [
                    {
                        "first": "B",
                        "middle": [
                            "J"
                        ],
                        "last": "Shea",
                        "suffix": ""
                    },
                    {
                        "first": "J",
                        "middle": [
                            "M"
                        ],
                        "last": "Grimshaw",
                        "suffix": ""
                    },
                    {
                        "first": "G",
                        "middle": [
                            "A"
                        ],
                        "last": "Wells",
                        "suffix": ""
                    },
                    {
                        "first": "M",
                        "middle": [],
                        "last": "Boers",
                        "suffix": ""
                    },
                    {
                        "first": "N",
                        "middle": [],
                        "last": "Andersson",
                        "suffix": ""
                    },
                    {
                        "first": "C",
                        "middle": [],
                        "last": "Hamel",
                        "suffix": ""
                    }
                ],
                "year": 2007,
                "venue": "BMC Medical Research Methodology",
                "volume": "15",
                "issue": "",
                "pages": "7--10",
                "other_ids": {},
                "num": null,
                "urls": [],
                "raw_text": "",
                "links": null
            },
            "BIBREF19": {
                "ref_id": "b19",
                "title": "The UFS-QOL, a new disease-specific symptom and health-related quality of life questionnaire for leiomyomata",
                "authors": [
                    {
                        "first": "J",
                        "middle": [
                            "B"
                        ],
                        "last": "Spies",
                        "suffix": ""
                    },
                    {
                        "first": "K",
                        "middle": [],
                        "last": "Coyne",
                        "suffix": ""
                    },
                    {
                        "first": "Guaou",
                        "middle": [],
                        "last": "Guaou",
                        "suffix": ""
                    },
                    {
                        "first": "N",
                        "middle": [],
                        "last": "Boyle",
                        "suffix": ""
                    },
                    {
                        "first": "D",
                        "middle": [],
                        "last": "Skyrnarz-Murphy",
                        "suffix": ""
                    },
                    {
                        "first": "K",
                        "middle": [],
                        "last": "Gonzalves",
                        "suffix": ""
                    },
                    {
                        "first": "S",
                        "middle": [
                            "M"
                        ],
                        "last": "",
                        "suffix": ""
                    }
                ],
                "year": 2002,
                "venue": "Obstetrics & Gynecology",
                "volume": "99",
                "issue": "2",
                "pages": "290--300",
                "other_ids": {},
                "num": null,
                "urls": [],
                "raw_text": "",
                "links": null
            },
            "BIBREF21": {
                "ref_id": "b21",
                "title": "Leiomyoma-related bleeding: a classic hypothesis updated for the molecular era",
                "authors": [
                    {
                        "first": "E",
                        "middle": [
                            "A"
                        ],
                        "last": "Stewart",
                        "suffix": ""
                    },
                    {
                        "first": "R",
                        "middle": [
                            "A"
                        ],
                        "last": "Nowak",
                        "suffix": ""
                    }
                ],
                "year": 1996,
                "venue": "Human Reproduction Update",
                "volume": "2",
                "issue": "",
                "pages": "295--306",
                "other_ids": {},
                "num": null,
                "urls": [],
                "raw_text": "",
                "links": null
            },
            "BIBREF23": {
                "ref_id": "b23",
                "title": "Uterine fibroids",
                "authors": [
                    {
                        "first": "E",
                        "middle": [
                            "A"
                        ],
                        "last": "Stewart",
                        "suffix": ""
                    },
                    {
                        "first": "S",
                        "middle": [
                            "K"
                        ],
                        "last": "Laughlin-Tommaso",
                        "suffix": ""
                    },
                    {
                        "first": "W",
                        "middle": [
                            "H"
                        ],
                        "last": "Catherino",
                        "suffix": ""
                    },
                    {
                        "first": "S",
                        "middle": [],
                        "last": "Lalitkumar",
                        "suffix": ""
                    },
                    {
                        "first": "D",
                        "middle": [],
                        "last": "Gupta",
                        "suffix": ""
                    },
                    {
                        "first": "B",
                        "middle": [],
                        "last": "Vollenhoven",
                        "suffix": ""
                    }
                ],
                "year": 2016,
                "venue": "Nature Reviews",
                "volume": "2",
                "issue": "",
                "pages": "1--18",
                "other_ids": {},
                "num": null,
                "urls": [],
                "raw_text": "",
                "links": null
            },
            "BIBREF25": {
                "ref_id": "b25",
                "title": "Epidemiology of uterine fibroids: a systematic review",
                "authors": [
                    {
                        "first": "E",
                        "middle": [
                            "A"
                        ],
                        "last": "Stewart",
                        "suffix": ""
                    },
                    {
                        "first": "C",
                        "middle": [
                            "L"
                        ],
                        "last": "Cookson",
                        "suffix": ""
                    },
                    {
                        "first": "R",
                        "middle": [
                            "A"
                        ],
                        "last": "Gandolfo",
                        "suffix": ""
                    },
                    {
                        "first": "R",
                        "middle": [],
                        "last": "Schulze-Rath",
                        "suffix": ""
                    }
                ],
                "year": 2017,
                "venue": "British Journal of Obstetrics and Gynaecology",
                "volume": "124",
                "issue": "10",
                "pages": "1501--1512",
                "other_ids": {},
                "num": null,
                "urls": [],
                "raw_text": "",
                "links": null
            },
            "BIBREF27": {
                "ref_id": "b27",
                "title": "Inpatient hospitalization for gynecologic disorders in the United States",
                "authors": [
                    {
                        "first": "J",
                        "middle": [
                            "K"
                        ],
                        "last": "Whiteman",
                        "suffix": ""
                    },
                    {
                        "first": "E",
                        "middle": [],
                        "last": "Kuklina",
                        "suffix": ""
                    },
                    {
                        "first": "D",
                        "middle": [
                            "J"
                        ],
                        "last": "Jamieson",
                        "suffix": ""
                    },
                    {
                        "first": "S",
                        "middle": [
                            "D"
                        ],
                        "last": "Hillis",
                        "suffix": ""
                    },
                    {
                        "first": "P",
                        "middle": [
                            "A"
                        ],
                        "last": "Marchbanks",
                        "suffix": ""
                    }
                ],
                "year": 2010,
                "venue": "American Journal of Obstetrics and Gynecology",
                "volume": "202",
                "issue": "6",
                "pages": "541--e541",
                "other_ids": {},
                "num": null,
                "urls": [],
                "raw_text": "",
                "links": null
            },
            "BIBREF29": {
                "ref_id": "b29",
                "title": "The e ect of uterine fibroids on infertility: a systematic review",
                "authors": [
                    {
                        "first": "R",
                        "middle": [
                            "M"
                        ],
                        "last": "Whynott",
                        "suffix": ""
                    },
                    {
                        "first": "Kcc",
                        "middle": [],
                        "last": "Vaught",
                        "suffix": ""
                    },
                    {
                        "first": "J",
                        "middle": [
                            "H"
                        ],
                        "last": "Segars",
                        "suffix": ""
                    }
                ],
                "year": 2017,
                "venue": "Seminars in Reproductive Medicine",
                "volume": "35",
                "issue": "6",
                "pages": "523--532",
                "other_ids": {},
                "num": null,
                "urls": [],
                "raw_text": "",
                "links": null
            }
        },
        "ref_entries": {
            "FIGREF0": {
                "text": "medical treatment 10.Progestogens or progestogen-releasing intrauterine systems 11.Selective oestrogen receptor modulators (SERMs) 12.Selective progesterone receptor modulators (SPRMs) 13.Uterine artery embolization",
                "fig_num": null,
                "num": null,
                "uris": null,
                "type_str": "figure"
            },
            "FIGREF1": {
                "text": ") \"Methods and Compounds for Treatment of Abnormal Uterine Bleeding\" not related to this project.WPM: none known SOC: none known CF: none known Interventions for uterine fibroids: an overview of Cochrane Reviews (Protocol) Copyright \u00a9 2019 The Cochrane Collaboration.Published by John Wiley & Sons, Ltd.",
                "fig_num": null,
                "num": null,
                "uris": null,
                "type_str": "figure"
            }
        }
    }
}